<?xml version="1.0" encoding="UTF-8" standalone="yes"?>
<addon id="repository.gwen84" name="Gwen84 Repository" version="1.0.0" provider-name="Guenole84">
    <requires>
        <import addon="xbmc.python" version="3.0.0"/>
    </requires>
    <extension point="xbmc.addon.repository" name="Gwen84 Repository">
        <dir>
            <info compressed="false">https://guenole84.github.io/addons.xml</info>
            <checksum>https://guenole84.github.io/addons.xml.md5</checksum>
            <datadir zip="true">https://raw.githubusercontent.com/Guenole84/guenole84.github.io/main/</datadir>
        </dir>
    </extension>
    <extension point="xbmc.addon.metadata">
        <summary lang="en">Gwen84 Repository</summary>
        <description lang="en">Gwen84 Kodi addon repository</description>
        <platform>all</platform>
        <assets>
            <icon>icon.png</icon>
        </assets>
    </extension>
</addon>
