<?xml version="1.0" encoding="UTF-8"?>
<addons>
<addon id="plugin.video.daddylive" name="Daddylive" version="5.1" provider-name="tommhe14">
    <requires>
        <import addon="xbmc.python" version="3.0.0"/>
        <import addon="script.module.requests" />
        <import addon="script.module.inputstreamhelper" />
        <import addon="inputstream.ffmpegdirect" />
        <import addon="script.module.six"/>
    </requires>
    <extension point="xbmc.python.pluginsource" library="addon.py">
        <provides>video</provides>
    </extension>
    <extension point="xbmc.addon.metadata">
        <description lang="pl">1.2</description>
        <disclaimer lang="pl">test
        </disclaimer>
        <summary lang="en">Live TV and Sports</summary>
        <description lang="en">Live TV and Sports</description>
        <disclaimer lang="en">test
        </disclaimer>
        <language>pl</language>
        <platform>all</platform>
        <license>GNU GENERAL PUBLIC LICENSE. Version 2, June 1991</license>
        <website></website>
        <assets>
            <icon>icon.png</icon>
            <fanart>fanart.jpg</fanart>
        </assets>
    </extension>
</addon>
<addon id="repository.daddylive" name="DaddyLive Repository" version="1.0.0" provider-name="Guenole84">
    <requires>
        <import addon="xbmc.python" version="3.0.0"/>
    </requires>
    <extension point="xbmc.addon.repository" name="DaddyLive Repository">
        <dir>
            <info compressed="false">https://guenole84.github.io/plugin.video.daddylive/addons.xml</info>
            <checksum>https://guenole84.github.io/plugin.video.daddylive/addons.xml.md5</checksum>
            <datadir zip="true">https://guenole84.github.io/plugin.video.daddylive/</datadir>
        </dir>
    </extension>
    <extension point="xbmc.addon.metadata">
        <summary lang="en">DaddyLive Repository</summary>
        <description lang="en">DaddyLive Live TV and Sports addon repository</description>
        <platform>all</platform>
        <assets>
            <icon>icon.png</icon>
        </assets>
    </extension>
</addon>
</addons>
